{
  "shape": [
    5,
    5
  ],
  "tag": "tdc__ames__seed1__DummyClassifierModel__mordred__sk_basic",
  "y": {
    "fit_time": {
      "value": [
        0.03244376182556152,
        0.0231931209564209,
        0.023320913314819336,
        0.023978710174560547,
        0.02287435531616211,
        0.02295827865600586,
        0.022933483123779297,
        0.023508310317993164,
        0.022868871688842773,
        0.022980451583862305,
        0.022690296173095703,
        0.022887468338012695,
        0.024032115936279297,
        0.023545503616333008,
        0.022830724716186523,
        0.02291083335876465,
        0.023055315017700195,
        0.024317502975463867,
        0.024190425872802734,
        0.02382183074951172,
        0.023476123809814453,
        0.023971080780029297,
        0.023851871490478516,
        0.023725032806396484,
        0.02364516258239746
      ],
      "mean": 0.023760461807250978,
      "lower_ci": 0.020087166365746964,
      "upper_ci": 0.027433757248754992,
      "confidence_level": 0.95
    },
    "score_time": {
      "value": [
        0.0037636756896972656,
        0.002371549606323242,
        0.002273082733154297,
        0.002450227737426758,
        0.0022933483123779297,
        0.002244234085083008,
        0.0022957324981689453,
        0.0023355484008789062,
        0.002286195755004883,
        0.002289295196533203,
        0.002288818359375,
        0.002270221710205078,
        0.0025224685668945312,
        0.0022754669189453125,
        0.002279996871948242,
        0.0022890567779541016,
        0.0023338794708251953,
        0.0023648738861083984,
        0.0023920536041259766,
        0.0023643970489501953,
        0.0024726390838623047,
        0.002468109130859375,
        0.0024526119232177734,
        0.002449512481689453,
        0.00252532958984375
      ],
      "mean": 0.002414093017578125,
      "lower_ci": 0.0018379064800563842,
      "upper_ci": 0.002990279555099866,
      "confidence_level": 0.95
    },
    "mse": {
      "value": [
        0.4642857142857143,
        0.4532967032967033,
        0.44711538461538464,
        0.4563573883161512,
        0.44879725085910654,
        0.44505494505494503,
        0.4567307692307692,
        0.43956043956043955,
        0.4646048109965636,
        0.4639175257731959,
        0.4766483516483517,
        0.47458791208791207,
        0.44024725274725274,
        0.44536082474226807,
        0.4329896907216495,
        0.45604395604395603,
        0.44505494505494503,
        0.46565934065934067,
        0.4542955326460481,
        0.44879725085910654,
        0.4732142857142857,
        0.4340659340659341,
        0.44436813186813184,
        0.4536082474226804,
        0.4646048109965636
      ],
      "mean": 0.45397069597069595,
      "lower_ci": 0.43011887660856135,
      "upper_ci": 0.47782251533283054,
      "confidence_level": 0.95
    },
    "mae": {
      "value": [
        0.4642857142857143,
        0.4532967032967033,
        0.44711538461538464,
        0.4563573883161512,
        0.44879725085910654,
        0.44505494505494503,
        0.4567307692307692,
        0.43956043956043955,
        0.4646048109965636,
        0.4639175257731959,
        0.4766483516483517,
        0.47458791208791207,
        0.44024725274725274,
        0.44536082474226807,
        0.4329896907216495,
        0.45604395604395603,
        0.44505494505494503,
        0.46565934065934067,
        0.4542955326460481,
        0.44879725085910654,
        0.4732142857142857,
        0.4340659340659341,
        0.44436813186813184,
        0.4536082474226804,
        0.4646048109965636
      ],
      "mean": 0.45397069597069595,
      "lower_ci": 0.43011887660856135,
      "upper_ci": 0.47782251533283054,
      "confidence_level": 0.95
    },
    "r2": {
      "value": [
        -0.8666666666666669,
        -0.8291457286432158,
        -0.8086956521739128,
        -0.8394437420986096,
        -0.8142144638403994,
        -0.8019801980198022,
        -0.8407079646017699,
        -0.7843137254901962,
        -0.8677792041078307,
        -0.865384615384615,
        -0.9107611548556427,
        -0.903267973856209,
        -0.7865030674846631,
        -0.8029739776951668,
        -0.7636363636363632,
        -0.838383838383838,
        -0.8019801980198022,
        -0.8714652956298201,
        -0.832493702770781,
        -0.8142144638403994,
        -0.8983050847457625,
        -0.7669902912621365,
        -0.7997527812113723,
        -0.8301886792452831,
        -0.8677792041078307
      ],
      "mean": -0.8322811215108835,
      "lower_ci": -0.9126943336908857,
      "upper_ci": -0.7518679093308813,
      "confidence_level": 0.95
    },
    "ktau": {
      "value": [
        NaN,
        NaN,
        NaN,
        NaN,
        NaN,
        NaN,
        NaN,
        NaN,
        NaN,
        NaN,
        NaN,
        NaN,
        NaN,
        NaN,
        NaN,
        NaN,
        NaN,
        NaN,
        NaN,
        NaN,
        NaN,
        NaN,
        NaN,
        NaN,
        NaN
      ],
      "mean": NaN,
      "lower_ci": NaN,
      "upper_ci": NaN,
      "confidence_level": 0.95
    },
    "spearmanr": {
      "value": [
        NaN,
        NaN,
        NaN,
        NaN,
        NaN,
        NaN,
        NaN,
        NaN,
        NaN,
        NaN,
        NaN,
        NaN,
        NaN,
        NaN,
        NaN,
        NaN,
        NaN,
        NaN,
        NaN,
        NaN,
        NaN,
        NaN,
        NaN,
        NaN,
        NaN
      ],
      "mean": NaN,
      "lower_ci": NaN,
      "upper_ci": NaN,
      "confidence_level": 0.95
    }
  }
}