{
  "tag": "tdc__ames__seed1__RFClassifierModel__desc2d__sk_basic",
  "accuracy": {
    "value": 0.7673301304049417,
    "lower_ci": 0.7460535346602609,
    "upper_ci": 0.7886410432395332,
    "confidence_level": 0.95
  },
  "precision": {
    "value": 0.8218181818181818,
    "lower_ci": 0.7964283703572781,
    "upper_ci": 0.8480172658154235,
    "confidence_level": 0.95
  },
  "recall": {
    "value": 0.7793103448275862,
    "lower_ci": 0.7527373351783079,
    "upper_ci": 0.8074369577032271,
    "confidence_level": 0.95
  },
  "f1": {
    "value": 0.8,
    "lower_ci": 0.7800214923204026,
    "upper_ci": 0.8216870341915936,
    "confidence_level": 0.95
  },
  "roc_auc": {
    "value": 0.836254870860992,
    "lower_ci": 0.8160644422865582,
    "upper_ci": 0.8570568964767302,
    "confidence_level": 0.95
  },
  "pr_auc": {
    "value": 0.8761566279108405,
    "lower_ci": 0.8552355377950436,
    "upper_ci": 0.8983917014251983,
    "confidence_level": 0.95
  }
}