{
  "shape": [
    5,
    5
  ],
  "tag": "tdc__ames__seed1__RFClassifierModel__desc2d__sk_basic",
  "y": {
    "fit_time": {
      "value": [
        2.1610026359558105,
        2.118495464324951,
        2.0918102264404297,
        2.1013386249542236,
        2.1427805423736572,
        2.124562978744507,
        2.1034457683563232,
        2.1170647144317627,
        2.0824551582336426,
        2.094411849975586,
        2.065006732940674,
        2.0588040351867676,
        2.0768346786499023,
        2.0583462715148926,
        2.090210437774658,
        2.109250545501709,
        2.080345630645752,
        2.1047089099884033,
        2.1660032272338867,
        2.1154305934906006,
        2.0889601707458496,
        2.1015729904174805,
        2.0754950046539307,
        2.105457067489624,
        2.0906193256378174
      ],
      "mean": 2.1009765434265137,
      "lower_ci": 2.0467011112095643,
      "upper_ci": 2.155251975643463,
      "confidence_level": 0.95
    },
    "score_time": {
      "value": [
        0.020608901977539062,
        0.018127918243408203,
        0.02016735076904297,
        0.01816105842590332,
        0.01939558982849121,
        0.01882147789001465,
        0.019110918045043945,
        0.019564151763916016,
        0.01944875717163086,
        0.019791603088378906,
        0.017609596252441406,
        0.017163991928100586,
        0.017380475997924805,
        0.017810583114624023,
        0.01752018928527832,
        0.016930103302001953,
        0.018809080123901367,
        0.017598867416381836,
        0.018121004104614258,
        0.01873922348022461,
        0.017569303512573242,
        0.017470121383666992,
        0.01748514175415039,
        0.017620325088500977,
        0.017273902893066406
      ],
      "mean": 0.018331985473632812,
      "lower_ci": 0.01629875268692122,
      "upper_ci": 0.020365218260344403,
      "confidence_level": 0.95
    },
    "mse": {
      "value": [
        0.17513736263736263,
        0.17032967032967034,
        0.16277472527472528,
        0.16082474226804125,
        0.1711340206185567,
        0.16002747252747251,
        0.1662087912087912,
        0.14423076923076922,
        0.15807560137457044,
        0.1676975945017182,
        0.16414835164835165,
        0.15796703296703296,
        0.14766483516483517,
        0.19037800687285222,
        0.15876288659793814,
        0.16071428571428573,
        0.16964285714285715,
        0.1510989010989011,
        0.1670103092783505,
        0.16151202749140894,
        0.14285714285714285,
        0.17307692307692307,
        0.17307692307692307,
        0.15945017182130583,
        0.14982817869415807
      ],
      "mean": 0.16254518333899778,
      "lower_ci": 0.1416871468536645,
      "upper_ci": 0.18340321982433108,
      "confidence_level": 0.95
    },
    "mae": {
      "value": [
        0.17513736263736263,
        0.17032967032967034,
        0.16277472527472528,
        0.16082474226804125,
        0.1711340206185567,
        0.16002747252747251,
        0.1662087912087912,
        0.14423076923076922,
        0.15807560137457044,
        0.1676975945017182,
        0.16414835164835165,
        0.15796703296703296,
        0.14766483516483517,
        0.19037800687285222,
        0.15876288659793814,
        0.16071428571428573,
        0.16964285714285715,
        0.1510989010989011,
        0.1670103092783505,
        0.16151202749140894,
        0.14285714285714285,
        0.17307692307692307,
        0.17307692307692307,
        0.15945017182130583,
        0.14982817869415807
      ],
      "mean": 0.16254518333899778,
      "lower_ci": 0.1416871468536645,
      "upper_ci": 0.18340321982433108,
      "confidence_level": 0.95
    },
    "r2": {
      "value": [
        0.29585798816568043,
        0.31268463529770074,
        0.3415347625726308,
        0.35176229570621287,
        0.30820918607004677,
        0.35206576213176866,
        0.3301483797990551,
        0.4145220588235293,
        0.36451299268520554,
        0.3256980056980058,
        0.34197130257853225,
        0.3664954645630564,
        0.4007829024817432,
        0.22928427188030687,
        0.3533333333333335,
        0.3521358159912378,
        0.3131340911868964,
        0.39273987457439463,
        0.3263298490570351,
        0.34710505512634937,
        0.4269267668692037,
        0.2954405800663633,
        0.29901437269665254,
        0.3566609491137793,
        0.3976688365451079
      ],
      "mean": 0.3438407813205531,
      "lower_ci": 0.25838184970576805,
      "upper_ci": 0.4292997129353382,
      "confidence_level": 0.95
    },
    "ktau": {
      "value": [
        0.6474912370199853,
        0.6573446857687589,
        0.6715041430156493,
        0.6769215234988861,
        0.6535707118800603,
        0.6757180852000098,
        0.666000483891291,
        0.7086731167281889,
        0.6819256616017119,
        0.6624101998142793,
        0.6718623568936025,
        0.6831098957101521,
        0.7004420178988654,
        0.6172100618710198,
        0.6784043480817089,
        0.6769852407303406,
        0.6566201462627653,
        0.6961198650706389,
        0.6633940990219128,
        0.6739090748735435,
        0.7134398235491881,
        0.65042969737374,
        0.6508389179903861,
        0.6780408824403487,
        0.6985331453004986
      ],
      "mean": 0.6724359768595012,
      "lower_ci": 0.6304240455987269,
      "upper_ci": 0.7144479081202755,
      "confidence_level": 0.95
    },
    "spearmanr": {
      "value": [
        0.6474912370199851,
        0.6573446857687588,
        0.6715041430156493,
        0.6769215234988861,
        0.6535707118800602,
        0.6757180852000096,
        0.6660004838912909,
        0.7086731167281889,
        0.6819256616017118,
        0.6624101998142793,
        0.6718623568936025,
        0.683109895710152,
        0.7004420178988654,
        0.6172100618710197,
        0.678404348081709,
        0.6769852407303405,
        0.6566201462627653,
        0.6961198650706389,
        0.6633940990219128,
        0.6739090748735435,
        0.713439823549188,
        0.65042969737374,
        0.6508389179903861,
        0.6780408824403485,
        0.6985331453004987
      ],
      "mean": 0.6724359768595012,
      "lower_ci": 0.6304240455987269,
      "upper_ci": 0.7144479081202755,
      "confidence_level": 0.95
    }
  }
}