{
  "shape": [
    5,
    5
  ],
  "tag": "tdc__ames__seed1__RFClassifierModel__fp_ecfp4__sk_basic",
  "y": {
    "fit_time": {
      "value": [
        1.7679896354675293,
        1.8916022777557373,
        1.86008620262146,
        1.8876376152038574,
        1.8844776153564453,
        1.8683831691741943,
        1.9477810859680176,
        1.8256590366363525,
        1.898022174835205,
        1.883185863494873,
        1.7879588603973389,
        1.8939149379730225,
        1.8408162593841553,
        1.7504653930664062,
        1.8661589622497559,
        1.8840208053588867,
        1.8244743347167969,
        1.7840745449066162,
        1.9043166637420654,
        1.8214917182922363,
        1.8574275970458984,
        1.8927819728851318,
        1.822047472000122,
        1.8768846988677979,
        1.8960175514221191
      ],
      "mean": 1.8567070579528808,
      "lower_ci": 1.7625459271151604,
      "upper_ci": 1.9508681887906012,
      "confidence_level": 0.95
    },
    "score_time": {
      "value": [
        0.03267955780029297,
        0.03374910354614258,
        0.0336458683013916,
        0.032862186431884766,
        0.03402900695800781,
        0.03340601921081543,
        0.03295469284057617,
        0.03407764434814453,
        0.03387713432312012,
        0.03677225112915039,
        0.035837411880493164,
        0.030537128448486328,
        0.030249357223510742,
        0.03031015396118164,
        0.0309295654296875,
        0.03072500228881836,
        0.029702425003051758,
        0.03067159652709961,
        0.03087472915649414,
        0.030042648315429688,
        0.10798454284667969,
        0.031706809997558594,
        0.030493497848510742,
        0.03220105171203613,
        0.031075000762939453
      ],
      "mean": 0.03525577545166016,
      "lower_ci": 0.0053323601426746026,
      "upper_ci": 0.06517919076064571,
      "confidence_level": 0.95
    },
    "mse": {
      "value": [
        0.1723901098901099,
        0.17376373626373626,
        0.17651098901098902,
        0.15189003436426116,
        0.18144329896907216,
        0.1717032967032967,
        0.16826923076923078,
        0.1614010989010989,
        0.1731958762886598,
        0.17457044673539518,
        0.17307692307692307,
        0.17307692307692307,
        0.15315934065934067,
        0.19037800687285222,
        0.16082474226804125,
        0.17101648351648352,
        0.17445054945054944,
        0.17307692307692307,
        0.15670103092783505,
        0.17457044673539518,
        0.1620879120879121,
        0.15384615384615385,
        0.1778846153846154,
        0.17938144329896907,
        0.1718213058419244
      ],
      "mean": 0.1700196367206677,
      "lower_ci": 0.15151545618054788,
      "upper_ci": 0.1885238172607875,
      "confidence_level": 0.95
    },
    "mae": {
      "value": [
        0.1723901098901099,
        0.17376373626373626,
        0.17651098901098902,
        0.15189003436426116,
        0.18144329896907216,
        0.1717032967032967,
        0.16826923076923078,
        0.1614010989010989,
        0.1731958762886598,
        0.17457044673539518,
        0.17307692307692307,
        0.17307692307692307,
        0.15315934065934067,
        0.19037800687285222,
        0.16082474226804125,
        0.17101648351648352,
        0.17445054945054944,
        0.17307692307692307,
        0.15670103092783505,
        0.17457044673539518,
        0.1620879120879121,
        0.15384615384615385,
        0.1778846153846154,
        0.17938144329896907,
        0.1718213058419244
      ],
      "mean": 0.1700196367206677,
      "lower_ci": 0.15151545618054788,
      "upper_ci": 0.1885238172607875,
      "confidence_level": 0.95
    },
    "r2": {
      "value": [
        0.3069033530571992,
        0.2988274706867673,
        0.28596807586989925,
        0.38777550150031215,
        0.2665350406525797,
        0.304791590270138,
        0.3218444340940848,
        0.34482230392156854,
        0.3037272789420513,
        0.29806267806267817,
        0.30617894665184153,
        0.30589937856474003,
        0.378486452341529,
        0.22928427188030687,
        0.3449350649350651,
        0.3106060606060608,
        0.2936682557144602,
        0.304411129057943,
        0.3679144262757367,
        0.2943178042642245,
        0.3497822931785196,
        0.3737249600589896,
        0.279542549716004,
        0.27624356775300163,
        0.30925325291870165
      ],
      "mean": 0.3137402456389761,
      "lower_ci": 0.24004678243487945,
      "upper_ci": 0.3874337088430728,
      "confidence_level": 0.95
    },
    "ktau": {
      "value": [
        0.6534010116728897,
        0.6503631599940839,
        0.6430371072716524,
        0.6938514028217241,
        0.6333742730563406,
        0.651339267164787,
        0.6609634558670635,
        0.6723565958206766,
        0.6514152349275816,
        0.6485369777233996,
        0.6530483417191826,
        0.6530851235453878,
        0.6884495538282903,
        0.6147013062102125,
        0.6734541051071374,
        0.6549760208988078,
        0.646728674402784,
        0.6518367145012419,
        0.6833933863572905,
        0.6472617573056056,
        0.6752237190993707,
        0.6881145308386741,
        0.6404581396352677,
        0.6380758375622064,
        0.6541757413811943
      ],
      "mean": 0.6568648575485142,
      "lower_ci": 0.619976025059786,
      "upper_ci": 0.6937536900372424,
      "confidence_level": 0.95
    },
    "spearmanr": {
      "value": [
        0.6534010116728896,
        0.6503631599940839,
        0.6430371072716524,
        0.6938514028217242,
        0.6333742730563406,
        0.651339267164787,
        0.6609634558670634,
        0.6723565958206764,
        0.6514152349275815,
        0.6485369777233997,
        0.6530483417191826,
        0.6530851235453877,
        0.6884495538282903,
        0.6147013062102124,
        0.6734541051071374,
        0.6549760208988079,
        0.6467286744027841,
        0.6518367145012419,
        0.6833933863572905,
        0.6472617573056055,
        0.6752237190993706,
        0.688114530838674,
        0.6404581396352677,
        0.6380758375622064,
        0.6541757413811943
      ],
      "mean": 0.6568648575485142,
      "lower_ci": 0.619976025059786,
      "upper_ci": 0.6937536900372424,
      "confidence_level": 0.95
    }
  }
}