{
  "shape": [
    5,
    5
  ],
  "tag": "tdc__ames__seed1__LGBMClassifierModel__mordred__sk_basic",
  "y": {
    "fit_time": {
      "value": [
        1.715057611465454,
        1.7041821479797363,
        1.7000949382781982,
        1.7040824890136719,
        1.670325517654419,
        1.664529800415039,
        1.6804656982421875,
        1.6765029430389404,
        1.6264610290527344,
        1.5107128620147705,
        1.526637077331543,
        1.55863618850708,
        1.6209607124328613,
        1.5708022117614746,
        1.5855281352996826,
        1.5883097648620605,
        1.6665191650390625,
        1.67427659034729,
        1.7052364349365234,
        1.7018742561340332,
        1.6926498413085938,
        1.6883139610290527,
        1.6935606002807617,
        2.1563806533813477,
        1.6121623516082764
      ],
      "mean": 1.6677705192565917,
      "lower_ci": 1.4361396431651228,
      "upper_ci": 1.8994013953480606,
      "confidence_level": 0.95
    },
    "score_time": {
      "value": [
        0.006949663162231445,
        0.007828712463378906,
        0.007185459136962891,
        0.006422996520996094,
        0.0063626766204833984,
        0.006457328796386719,
        0.006493330001831055,
        0.0064945220947265625,
        0.006295680999755859,
        0.0053708553314208984,
        0.0055828094482421875,
        0.0061376094818115234,
        0.005453586578369141,
        0.005606651306152344,
        0.005274295806884766,
        0.0064563751220703125,
        0.00635838508605957,
        0.006205081939697266,
        0.0064411163330078125,
        0.00654292106628418,
        0.006376028060913086,
        0.006165742874145508,
        0.006297588348388672,
        0.005527973175048828,
        0.005306243896484375
      ],
      "mean": 0.006223745346069336,
      "lower_ci": 0.0050306614426499675,
      "upper_ci": 0.007416829249488704,
      "confidence_level": 0.95
    },
    "mse": {
      "value": [
        0.1662087912087912,
        0.17032967032967034,
        0.16689560439560439,
        0.15326460481099657,
        0.16013745704467353,
        0.16758241758241757,
        0.1614010989010989,
        0.15384615384615385,
        0.1718213058419244,
        0.16838487972508592,
        0.1723901098901099,
        0.16895604395604397,
        0.14491758241758243,
        0.18350515463917524,
        0.15189003436426116,
        0.16002747252747251,
        0.17857142857142858,
        0.16483516483516483,
        0.16357388316151203,
        0.15945017182130583,
        0.16346153846153846,
        0.1717032967032967,
        0.1723901098901099,
        0.16563573883161511,
        0.15326460481099657
      ],
      "mean": 0.16457777274272117,
      "lower_ci": 0.14731379751995538,
      "upper_ci": 0.18184174796548697,
      "confidence_level": 0.95
    },
    "mae": {
      "value": [
        0.1662087912087912,
        0.17032967032967034,
        0.16689560439560439,
        0.15326460481099657,
        0.16013745704467353,
        0.16758241758241757,
        0.1614010989010989,
        0.15384615384615385,
        0.1718213058419244,
        0.16838487972508592,
        0.1723901098901099,
        0.16895604395604397,
        0.14491758241758243,
        0.18350515463917524,
        0.15189003436426116,
        0.16002747252747251,
        0.17857142857142858,
        0.16483516483516483,
        0.16357388316151203,
        0.15945017182130583,
        0.16346153846153846,
        0.1717032967032967,
        0.1723901098901099,
        0.16563573883161511,
        0.15326460481099657
      ],
      "mean": 0.16457777274272117,
      "lower_ci": 0.14731379751995538,
      "upper_ci": 0.18184174796548697,
      "confidence_level": 0.95
    },
    "r2": {
      "value": [
        0.3317554240631163,
        0.31268463529770074,
        0.32486475656181135,
        0.3822350083012199,
        0.3526616078486784,
        0.32147659210365476,
        0.3495242531106527,
        0.37549019607843137,
        0.30925325291870165,
        0.3229344729344731,
        0.30893220480004857,
        0.32242558383700815,
        0.41193112755185035,
        0.2571079443756026,
        0.3813275613275614,
        0.35490446635024964,
        0.2769832538809436,
        0.3375344086266123,
        0.34019137479660233,
        0.35543988420984285,
        0.34427197362918505,
        0.30103232149440806,
        0.30179606169388806,
        0.3317038307604345,
        0.3838539016034819
      ],
      "mean": 0.33569264392624637,
      "lower_ci": 0.26650532523555037,
      "upper_ci": 0.40487996261694237,
      "confidence_level": 0.95
    },
    "ktau": {
      "value": [
        0.6654498907129943,
        0.6563423176488503,
        0.6639060005002597,
        0.6906466480744492,
        0.6755860418948848,
        0.6597851372399901,
        0.6750661980249172,
        0.6872089665370337,
        0.6541705823240288,
        0.6611876456910929,
        0.6548751485127046,
        0.6612713681810124,
        0.7052810697822466,
        0.6288512959687614,
        0.692902410782449,
        0.676971803465795,
        0.6383835910680977,
        0.6683990343310428,
        0.6696862450530058,
        0.6771527745983815,
        0.6726142671129224,
        0.652052958177876,
        0.6508446284696701,
        0.6662901037016701,
        0.6919153854316509
      ],
      "mean": 0.6678736605314313,
      "lower_ci": 0.6334518070988976,
      "upper_ci": 0.702295513963965,
      "confidence_level": 0.95
    },
    "spearmanr": {
      "value": [
        0.6654498907129942,
        0.6563423176488504,
        0.6639060005002597,
        0.6906466480744491,
        0.6755860418948848,
        0.6597851372399902,
        0.675066198024917,
        0.6872089665370336,
        0.6541705823240288,
        0.6611876456910929,
        0.6548751485127046,
        0.6612713681810123,
        0.7052810697822465,
        0.6288512959687615,
        0.692902410782449,
        0.6769718034657949,
        0.6383835910680977,
        0.6683990343310428,
        0.6696862450530057,
        0.6771527745983815,
        0.6726142671129223,
        0.652052958177876,
        0.6508446284696701,
        0.6662901037016701,
        0.6919153854316509
      ],
      "mean": 0.6678736605314313,
      "lower_ci": 0.6334518070988977,
      "upper_ci": 0.7022955139639648,
      "confidence_level": 0.95
    }
  }
}