{
  "shape": [
    5,
    5
  ],
  "tag": "tdc__ames__seed1__DummyClassifierModel__desc2d__sk_basic",
  "y": {
    "fit_time": {
      "value": [
        0.0059051513671875,
        0.001367330551147461,
        0.0016102790832519531,
        0.0010249614715576172,
        0.0007746219635009766,
        0.0007126331329345703,
        0.0006816387176513672,
        0.0006864070892333984,
        0.0007395744323730469,
        0.0007140636444091797,
        0.0006742477416992188,
        0.0007112026214599609,
        0.0007266998291015625,
        0.0006890296936035156,
        0.0006933212280273438,
        0.0007448196411132812,
        0.0007009506225585938,
        0.0007014274597167969,
        0.0011620521545410156,
        0.0007834434509277344,
        0.0007424354553222656,
        0.0008115768432617188,
        0.0007390975952148438,
        0.0007848739624023438,
        0.0007326602935791016
      ],
      "mean": 0.0010245800018310546,
      "lower_ci": -0.00101915948267452,
      "upper_ci": 0.0030683194863366293,
      "confidence_level": 0.95
    },
    "score_time": {
      "value": [
        0.0038640499114990234,
        0.05773496627807617,
        0.0024297237396240234,
        0.0019350051879882812,
        0.0019843578338623047,
        0.0018892288208007812,
        0.0018928050994873047,
        0.0018711090087890625,
        0.0019190311431884766,
        0.0018758773803710938,
        0.0018880367279052734,
        0.0018961429595947266,
        0.0018465518951416016,
        0.0018265247344970703,
        0.0018475055694580078,
        0.0018489360809326172,
        0.0018682479858398438,
        0.0018634796142578125,
        0.0020437240600585938,
        0.0019273757934570312,
        0.0018773078918457031,
        0.0018906593322753906,
        0.0018999576568603516,
        0.0019145011901855469,
        0.0018916130065917969
      ],
      "mean": 0.004229068756103516,
      "lower_ci": -0.017633229938952784,
      "upper_ci": 0.026091367451159815,
      "confidence_level": 0.95
    },
    "mse": {
      "value": [
        0.4642857142857143,
        0.4532967032967033,
        0.44711538461538464,
        0.4563573883161512,
        0.44879725085910654,
        0.44505494505494503,
        0.4567307692307692,
        0.43956043956043955,
        0.4646048109965636,
        0.4639175257731959,
        0.4766483516483517,
        0.47458791208791207,
        0.44024725274725274,
        0.44536082474226807,
        0.4329896907216495,
        0.45604395604395603,
        0.44505494505494503,
        0.46565934065934067,
        0.4542955326460481,
        0.44879725085910654,
        0.4732142857142857,
        0.4340659340659341,
        0.44436813186813184,
        0.4536082474226804,
        0.4646048109965636
      ],
      "mean": 0.45397069597069595,
      "lower_ci": 0.43011887660856135,
      "upper_ci": 0.47782251533283054,
      "confidence_level": 0.95
    },
    "mae": {
      "value": [
        0.4642857142857143,
        0.4532967032967033,
        0.44711538461538464,
        0.4563573883161512,
        0.44879725085910654,
        0.44505494505494503,
        0.4567307692307692,
        0.43956043956043955,
        0.4646048109965636,
        0.4639175257731959,
        0.4766483516483517,
        0.47458791208791207,
        0.44024725274725274,
        0.44536082474226807,
        0.4329896907216495,
        0.45604395604395603,
        0.44505494505494503,
        0.46565934065934067,
        0.4542955326460481,
        0.44879725085910654,
        0.4732142857142857,
        0.4340659340659341,
        0.44436813186813184,
        0.4536082474226804,
        0.4646048109965636
      ],
      "mean": 0.45397069597069595,
      "lower_ci": 0.43011887660856135,
      "upper_ci": 0.47782251533283054,
      "confidence_level": 0.95
    },
    "r2": {
      "value": [
        -0.8666666666666669,
        -0.8291457286432158,
        -0.8086956521739128,
        -0.8394437420986096,
        -0.8142144638403994,
        -0.8019801980198022,
        -0.8407079646017699,
        -0.7843137254901962,
        -0.8677792041078307,
        -0.865384615384615,
        -0.9107611548556427,
        -0.903267973856209,
        -0.7865030674846631,
        -0.8029739776951668,
        -0.7636363636363632,
        -0.838383838383838,
        -0.8019801980198022,
        -0.8714652956298201,
        -0.832493702770781,
        -0.8142144638403994,
        -0.8983050847457625,
        -0.7669902912621365,
        -0.7997527812113723,
        -0.8301886792452831,
        -0.8677792041078307
      ],
      "mean": -0.8322811215108835,
      "lower_ci": -0.9126943336908857,
      "upper_ci": -0.7518679093308813,
      "confidence_level": 0.95
    },
    "ktau": {
      "value": [
        NaN,
        NaN,
        NaN,
        NaN,
        NaN,
        NaN,
        NaN,
        NaN,
        NaN,
        NaN,
        NaN,
        NaN,
        NaN,
        NaN,
        NaN,
        NaN,
        NaN,
        NaN,
        NaN,
        NaN,
        NaN,
        NaN,
        NaN,
        NaN,
        NaN
      ],
      "mean": NaN,
      "lower_ci": NaN,
      "upper_ci": NaN,
      "confidence_level": 0.95
    },
    "spearmanr": {
      "value": [
        NaN,
        NaN,
        NaN,
        NaN,
        NaN,
        NaN,
        NaN,
        NaN,
        NaN,
        NaN,
        NaN,
        NaN,
        NaN,
        NaN,
        NaN,
        NaN,
        NaN,
        NaN,
        NaN,
        NaN,
        NaN,
        NaN,
        NaN,
        NaN,
        NaN
      ],
      "mean": NaN,
      "lower_ci": NaN,
      "upper_ci": NaN,
      "confidence_level": 0.95
    }
  }
}