{
  "tag": "tdc__ames__seed1__CatBoostClassifierModel__mordred__sk_basic",
  "accuracy": {
    "value": 0.8002745367192862,
    "lower_ci": 0.7796842827728208,
    "upper_ci": 0.8208647906657515,
    "confidence_level": 0.95
  },
  "precision": {
    "value": 0.8286038592508513,
    "lower_ci": 0.8039967093273908,
    "upper_ci": 0.8540581122024901,
    "confidence_level": 0.95
  },
  "recall": {
    "value": 0.8390804597701149,
    "lower_ci": 0.8152962330447919,
    "upper_ci": 0.8636562527893901,
    "confidence_level": 0.95
  },
  "f1": {
    "value": 0.8338092518560822,
    "lower_ci": 0.8152130098141332,
    "upper_ci": 0.8525500105614795,
    "confidence_level": 0.95
  },
  "roc_auc": {
    "value": 0.8585736944134407,
    "lower_ci": 0.8386400187191907,
    "upper_ci": 0.8782206221874048,
    "confidence_level": 0.95
  },
  "pr_auc": {
    "value": 0.8903786697622489,
    "lower_ci": 0.8705634601547821,
    "upper_ci": 0.9123946281909411,
    "confidence_level": 0.95
  }
}