{
  "shape": [
    5,
    5
  ],
  "tag": "tdc__ames__seed1__CatBoostClassifierModel__mordred__sk_basic",
  "y": {
    "fit_time": {
      "value": [
        28.262739658355713,
        28.23986315727234,
        28.409975290298462,
        28.182137966156006,
        28.098106861114502,
        27.98603892326355,
        25.629767656326294,
        26.467407703399658,
        26.483072519302368,
        26.668543338775635,
        26.341948747634888,
        27.500165462493896,
        25.628814220428467,
        25.60834264755249,
        25.757776260375977,
        26.043433666229248,
        26.474842309951782,
        26.41209077835083,
        26.41010594367981,
        25.9410297870636,
        25.971182107925415,
        25.604807376861572,
        25.7214138507843,
        25.723214149475098,
        25.78756856918335
      ],
      "mean": 26.61417555809021,
      "lower_ci": 24.641954355451958,
      "upper_ci": 28.586396760728462,
      "confidence_level": 0.95
    },
    "score_time": {
      "value": [
        0.2856895923614502,
        0.29287171363830566,
        0.28365135192871094,
        0.2924807071685791,
        0.3020033836364746,
        0.28602099418640137,
        0.28038644790649414,
        0.2691617012023926,
        0.27355098724365234,
        0.29140377044677734,
        0.2779357433319092,
        0.28415894508361816,
        0.29331541061401367,
        0.28745245933532715,
        0.28453993797302246,
        0.2745676040649414,
        0.28627753257751465,
        0.294003963470459,
        0.28470635414123535,
        0.28144001960754395,
        0.2786576747894287,
        0.27472925186157227,
        0.2891349792480469,
        0.2754495143890381,
        0.2748072147369385
      ],
      "mean": 0.2839358901977539,
      "lower_ci": 0.2683663505754229,
      "upper_ci": 0.2995054298200849,
      "confidence_level": 0.95
    },
    "accuracy": {
      "value": [
        0.8317307692307693,
        0.8317307692307693,
        0.8255494505494505,
        0.8419243986254296,
        0.8398625429553265,
        0.8324175824175825,
        0.8358516483516484,
        0.8447802197802198,
        0.829553264604811,
        0.8233676975945017,
        0.834478021978022,
        0.8296703296703297,
        0.8502747252747253,
        0.8123711340206186,
        0.8515463917525773,
        0.8399725274725275,
        0.8152472527472527,
        0.8337912087912088,
        0.8398625429553265,
        0.8350515463917526,
        0.8358516483516484,
        0.8351648351648352,
        0.8186813186813187,
        0.843298969072165,
        0.8419243986254296
      ],
      "mean": 0.8341582077716099,
      "lower_ci": 0.8149532686726115,
      "upper_ci": 0.8533631468706082,
      "confidence_level": 0.95
    },
    "precision": {
      "value": [
        0.8242424242424242,
        0.8509554140127389,
        0.8456712672521958,
        0.8493150684931506,
        0.8508014796547472,
        0.8397590361445784,
        0.8547557840616966,
        0.8606356968215159,
        0.8265682656826568,
        0.8154402895054282,
        0.8220024721878862,
        0.8235294117647058,
        0.8600723763570567,
        0.83375,
        0.8736196319018404,
        0.8498122653316645,
        0.8347826086956521,
        0.8383838383838383,
        0.8433292533659731,
        0.8460591133004927,
        0.8251231527093597,
        0.8560975609756097,
        0.8368355995055624,
        0.8575031525851198,
        0.835985312117503
      ],
      "mean": 0.842201219002136,
      "lower_ci": 0.8137302663074497,
      "upper_ci": 0.8706721716968222,
      "confidence_level": 0.95
    },
    "recall": {
      "value": [
        0.8717948717948718,
        0.8391959798994975,
        0.8372670807453416,
        0.8621997471554994,
        0.8603491271820449,
        0.8626237623762376,
        0.8407079646017699,
        0.8627450980392157,
        0.8626444159178434,
        0.8666666666666667,
        0.8727034120734908,
        0.8601307189542484,
        0.8748466257668711,
        0.8265179677819083,
        0.863030303030303,
        0.8573232323232324,
        0.8316831683168316,
        0.8534704370179949,
        0.8677581863979849,
        0.8566084788029925,
        0.8735332464146024,
        0.8519417475728155,
        0.8368355995055624,
        0.8553459119496856,
        0.8767650834403081
      ],
      "mean": 0.8569875533491127,
      "lower_ci": 0.8291898323310201,
      "upper_ci": 0.8847852743672053,
      "confidence_level": 0.95
    },
    "f1": {
      "value": [
        0.8473520249221184,
        0.845034788108792,
        0.8414481897627965,
        0.8557089084065245,
        0.8555486670799752,
        0.851037851037851,
        0.8476736775015934,
        0.8616891064871481,
        0.8442211055276382,
        0.8402734617775015,
        0.8465945257797581,
        0.8414322250639387,
        0.8673965936739659,
        0.8301182327317984,
        0.8682926829268293,
        0.8535512256442489,
        0.8332300061996281,
        0.845859872611465,
        0.8553693358162632,
        0.8513011152416357,
        0.8486383787207094,
        0.8540145985401459,
        0.8368355995055624,
        0.8564231738035264,
        0.8558897243107769
      ],
      "mean": 0.8493974028472877,
      "lower_ci": 0.8308186086409862,
      "upper_ci": 0.8679761970535892,
      "confidence_level": 0.95
    },
    "roc_auc": {
      "value": [
        0.9023023820361098,
        0.9037859753312014,
        0.9047485473852936,
        0.914562167760803,
        0.9064513295627701,
        0.9061564142525363,
        0.9074151877798161,
        0.9194986979166666,
        0.8979138024018049,
        0.9078784425451093,
        0.9115837285469,
        0.9046092146458198,
        0.9157030330292967,
        0.8887665029755074,
        0.9152169312169312,
        0.914599686625289,
        0.8873743277105488,
        0.9052767477307367,
        0.9153351345377776,
        0.9024414461549037,
        0.9100447902691389,
        0.9107529648519109,
        0.902602675083059,
        0.9108938441013914,
        0.9149797570850202
      ],
      "mean": 0.9072357492614538,
      "lower_ci": 0.8917712654028613,
      "upper_ci": 0.9227002331200462,
      "confidence_level": 0.95
    },
    "pr_auc": {
      "value": [
        0.9100164011539948,
        0.9164820450275336,
        0.9252779314018409,
        0.9296032533477792,
        0.9174202206975276,
        0.9205820006498665,
        0.9178137717671568,
        0.9324779913596434,
        0.8999053199667343,
        0.9208724582934104,
        0.9155083595725754,
        0.9145639765352698,
        0.92990544160081,
        0.9037906100156436,
        0.933394853567988,
        0.9277635790141175,
        0.9000607226329369,
        0.9178491153523931,
        0.9279339045517799,
        0.9125747237104648,
        0.9144361055366106,
        0.9280177854173219,
        0.9163656882780106,
        0.9249748323694692,
        0.9210892973193185
      ],
      "mean": 0.919147215565608,
      "lower_ci": 0.9008530742070588,
      "upper_ci": 0.9374413569241571,
      "confidence_level": 0.95
    }
  }
}