{
  "shape": [
    5,
    5
  ],
  "tag": "tdc__ames__seed1__CatBoostClassifierModel__fp_ecfp4__sk_basic",
  "y": {
    "fit_time": {
      "value": [
        9.760982275009155,
        9.687171459197998,
        9.865208864212036,
        9.73784875869751,
        9.784788131713867,
        9.981545209884644,
        9.934265851974487,
        9.701612949371338,
        9.768263816833496,
        9.665627241134644,
        9.381861686706543,
        9.637638092041016,
        9.438001871109009,
        9.370867490768433,
        9.560760736465454,
        9.527753353118896,
        9.430877208709717,
        9.510615587234497,
        9.659238338470459,
        9.806628465652466,
        9.421034812927246,
        9.401713132858276,
        9.525410175323486,
        9.401352643966675,
        9.581398725509644
      ],
      "mean": 9.62169867515564,
      "lower_ci": 9.268473991353348,
      "upper_ci": 9.974923358957932,
      "confidence_level": 0.95
    },
    "score_time": {
      "value": [
        0.45384883880615234,
        0.4259605407714844,
        0.44318604469299316,
        0.44492173194885254,
        0.42676806449890137,
        0.44264721870422363,
        0.44041943550109863,
        0.41710901260375977,
        0.41161060333251953,
        0.4212367534637451,
        0.4060182571411133,
        0.40406131744384766,
        0.41607165336608887,
        0.402667760848999,
        0.4071836471557617,
        0.4063758850097656,
        0.40480494499206543,
        0.4019358158111572,
        0.39645934104919434,
        0.4083240032196045,
        0.39584994316101074,
        0.40418505668640137,
        0.41034960746765137,
        0.4068460464477539,
        0.39510059356689453
      ],
      "mean": 0.41575768470764163,
      "lower_ci": 0.38221717173914,
      "upper_ci": 0.44929819767614326,
      "confidence_level": 0.95
    },
    "accuracy": {
      "value": [
        0.8076923076923077,
        0.8090659340659341,
        0.8028846153846154,
        0.8219931271477663,
        0.8082474226804124,
        0.8090659340659341,
        0.8056318681318682,
        0.8193681318681318,
        0.8089347079037801,
        0.815807560137457,
        0.8063186813186813,
        0.8193681318681318,
        0.8186813186813187,
        0.7876288659793814,
        0.8116838487972509,
        0.8221153846153846,
        0.8056318681318682,
        0.8021978021978022,
        0.8103092783505155,
        0.8061855670103093,
        0.8083791208791209,
        0.8166208791208791,
        0.8063186813186813,
        0.8027491408934708,
        0.8123711340206186
      ],
      "mean": 0.8098100524904649,
      "lower_ci": 0.7949210614969063,
      "upper_ci": 0.8246990434840235,
      "confidence_level": 0.95
    },
    "precision": {
      "value": [
        0.8033980582524272,
        0.8286802030456852,
        0.8312020460358056,
        0.8333333333333334,
        0.8297604035308953,
        0.8208232445520581,
        0.8307291666666666,
        0.8495575221238938,
        0.8191082802547771,
        0.8114355231143552,
        0.8015075376884422,
        0.8114143920595533,
        0.8372093023255814,
        0.8200514138817481,
        0.8422360248447205,
        0.8412291933418694,
        0.8293601003764115,
        0.8017241379310345,
        0.8213399503722084,
        0.827455919395466,
        0.8088607594936709,
        0.8459627329192546,
        0.8297872340425532,
        0.8190954773869347,
        0.8062953995157385
      ],
      "mean": 0.8240622942594034,
      "lower_ci": 0.7968716344297514,
      "upper_ci": 0.8512529540890553,
      "confidence_level": 0.95
    },
    "recall": {
      "value": [
        0.8487179487179487,
        0.8203517587939698,
        0.8074534161490683,
        0.8407079646017699,
        0.8204488778054863,
        0.8391089108910891,
        0.8065739570164349,
        0.8235294117647058,
        0.8254172015404364,
        0.8551282051282051,
        0.8372703412073491,
        0.8549019607843137,
        0.8392638036809816,
        0.7905824039653035,
        0.8218181818181818,
        0.8295454545454546,
        0.818069306930693,
        0.8367609254498715,
        0.8337531486146096,
        0.8192019950124688,
        0.833116036505867,
        0.8264563106796117,
        0.8195302843016069,
        0.820125786163522,
        0.8549422336328626
      ],
      "mean": 0.8289110330280723,
      "lower_ci": 0.7979109607265676,
      "upper_ci": 0.859911105329577,
      "confidence_level": 0.95
    },
    "f1": {
      "value": [
        0.8254364089775561,
        0.8244949494949495,
        0.8191556395715186,
        0.8370044052863436,
        0.8250783699059561,
        0.8298653610771114,
        0.8184733803720333,
        0.836341008089608,
        0.8222506393861893,
        0.83270911360799,
        0.8189987163029525,
        0.8325907065563335,
        0.8382352941176471,
        0.8050473186119874,
        0.8319018404907975,
        0.8353464717101081,
        0.8236760124610591,
        0.8188679245283019,
        0.8275,
        0.8233082706766918,
        0.8208092485549133,
        0.8360957642725598,
        0.8246268656716418,
        0.819610307982401,
        0.8299065420560747
      ],
      "mean": 0.8262932223905091,
      "lower_ci": 0.8109917460496895,
      "upper_ci": 0.8415946987313286,
      "confidence_level": 0.95
    },
    "roc_auc": {
      "value": [
        0.8798759672280382,
        0.8788982792751636,
        0.883953974296591,
        0.8996256835178895,
        0.8851006098841717,
        0.8844617100598949,
        0.8843398001958118,
        0.9005744485294116,
        0.8770347357786876,
        0.8933732193732192,
        0.883149152465452,
        0.8882911003282162,
        0.8888766593608529,
        0.8701131687242798,
        0.8994622414622415,
        0.897861331690398,
        0.8709471641608605,
        0.8889625088154334,
        0.8897060784933903,
        0.8782484829274441,
        0.8842662589433887,
        0.896321394555733,
        0.8746167058000889,
        0.8836315990089576,
        0.8908259337186958
      ],
      "mean": 0.8861007283437725,
      "lower_ci": 0.8691091134513101,
      "upper_ci": 0.9030923432362349,
      "confidence_level": 0.95
    },
    "pr_auc": {
      "value": [
        0.8904749842035837,
        0.8905691449458886,
        0.9094003284809425,
        0.9131557052189814,
        0.9038673273118543,
        0.8994294048380747,
        0.8997691626927491,
        0.9178292129403063,
        0.8868222965524288,
        0.905199811103879,
        0.88943186564486,
        0.8949283944834496,
        0.9037029398073977,
        0.8875669817875184,
        0.9222106425199542,
        0.9139993964885396,
        0.890299605466,
        0.9028174116959149,
        0.9048482619782052,
        0.8926248090476218,
        0.8938617695489605,
        0.9145571383953284,
        0.8912695855184786,
        0.8977903715117801,
        0.9007558378611484
      ],
      "mean": 0.9006872956017539,
      "lower_ci": 0.8808063259837255,
      "upper_ci": 0.9205682652197822,
      "confidence_level": 0.95
    }
  }
}