{
  "shape": [
    5,
    5
  ],
  "tag": "tdc__ames__seed1__DummyClassifierModel__fp_ecfp4__sk_basic",
  "y": {
    "fit_time": {
      "value": [
        0.011019706726074219,
        0.005562305450439453,
        0.005323171615600586,
        0.005368232727050781,
        0.005204916000366211,
        0.00525355339050293,
        0.0052165985107421875,
        0.005155086517333984,
        0.005272865295410156,
        0.0051610469818115234,
        0.005193471908569336,
        0.0051555633544921875,
        0.0052564144134521484,
        0.005242824554443359,
        0.005253791809082031,
        0.0055887699127197266,
        0.005113840103149414,
        0.005053997039794922,
        0.005506753921508789,
        0.005182027816772461,
        0.0051577091217041016,
        0.0053501129150390625,
        0.005106687545776367,
        0.005212306976318359,
        0.005143165588378906
      ],
      "mean": 0.005482196807861328,
      "lower_ci": 0.0032054339847055412,
      "upper_ci": 0.007758959631017115,
      "confidence_level": 0.95
    },
    "score_time": {
      "value": [
        0.00365447998046875,
        0.002341032028198242,
        0.002261638641357422,
        0.002270221710205078,
        0.0022389888763427734,
        0.002240896224975586,
        0.002242565155029297,
        0.00214385986328125,
        0.0022478103637695312,
        0.0022153854370117188,
        0.002244710922241211,
        0.0022537708282470703,
        0.002242565155029297,
        0.0022249221801757812,
        0.0022954940795898438,
        0.0022535324096679688,
        0.002199411392211914,
        0.0021779537200927734,
        0.0021867752075195312,
        0.0022170543670654297,
        0.0022230148315429688,
        0.002209901809692383,
        0.0021653175354003906,
        0.002174854278564453,
        0.002171754837036133
      ],
      "mean": 0.002283916473388672,
      "lower_ci": 0.001717800811465944,
      "upper_ci": 0.0028500321353114,
      "confidence_level": 0.95
    },
    "mse": {
      "value": [
        0.4642857142857143,
        0.4532967032967033,
        0.44711538461538464,
        0.4563573883161512,
        0.44879725085910654,
        0.44505494505494503,
        0.4567307692307692,
        0.43956043956043955,
        0.4646048109965636,
        0.4639175257731959,
        0.4766483516483517,
        0.47458791208791207,
        0.44024725274725274,
        0.44536082474226807,
        0.4329896907216495,
        0.45604395604395603,
        0.44505494505494503,
        0.46565934065934067,
        0.4542955326460481,
        0.44879725085910654,
        0.4732142857142857,
        0.4340659340659341,
        0.44436813186813184,
        0.4536082474226804,
        0.4646048109965636
      ],
      "mean": 0.45397069597069595,
      "lower_ci": 0.43011887660856135,
      "upper_ci": 0.47782251533283054,
      "confidence_level": 0.95
    },
    "mae": {
      "value": [
        0.4642857142857143,
        0.4532967032967033,
        0.44711538461538464,
        0.4563573883161512,
        0.44879725085910654,
        0.44505494505494503,
        0.4567307692307692,
        0.43956043956043955,
        0.4646048109965636,
        0.4639175257731959,
        0.4766483516483517,
        0.47458791208791207,
        0.44024725274725274,
        0.44536082474226807,
        0.4329896907216495,
        0.45604395604395603,
        0.44505494505494503,
        0.46565934065934067,
        0.4542955326460481,
        0.44879725085910654,
        0.4732142857142857,
        0.4340659340659341,
        0.44436813186813184,
        0.4536082474226804,
        0.4646048109965636
      ],
      "mean": 0.45397069597069595,
      "lower_ci": 0.43011887660856135,
      "upper_ci": 0.47782251533283054,
      "confidence_level": 0.95
    },
    "r2": {
      "value": [
        -0.8666666666666669,
        -0.8291457286432158,
        -0.8086956521739128,
        -0.8394437420986096,
        -0.8142144638403994,
        -0.8019801980198022,
        -0.8407079646017699,
        -0.7843137254901962,
        -0.8677792041078307,
        -0.865384615384615,
        -0.9107611548556427,
        -0.903267973856209,
        -0.7865030674846631,
        -0.8029739776951668,
        -0.7636363636363632,
        -0.838383838383838,
        -0.8019801980198022,
        -0.8714652956298201,
        -0.832493702770781,
        -0.8142144638403994,
        -0.8983050847457625,
        -0.7669902912621365,
        -0.7997527812113723,
        -0.8301886792452831,
        -0.8677792041078307
      ],
      "mean": -0.8322811215108835,
      "lower_ci": -0.9126943336908857,
      "upper_ci": -0.7518679093308813,
      "confidence_level": 0.95
    },
    "ktau": {
      "value": [
        NaN,
        NaN,
        NaN,
        NaN,
        NaN,
        NaN,
        NaN,
        NaN,
        NaN,
        NaN,
        NaN,
        NaN,
        NaN,
        NaN,
        NaN,
        NaN,
        NaN,
        NaN,
        NaN,
        NaN,
        NaN,
        NaN,
        NaN,
        NaN,
        NaN
      ],
      "mean": NaN,
      "lower_ci": NaN,
      "upper_ci": NaN,
      "confidence_level": 0.95
    },
    "spearmanr": {
      "value": [
        NaN,
        NaN,
        NaN,
        NaN,
        NaN,
        NaN,
        NaN,
        NaN,
        NaN,
        NaN,
        NaN,
        NaN,
        NaN,
        NaN,
        NaN,
        NaN,
        NaN,
        NaN,
        NaN,
        NaN,
        NaN,
        NaN,
        NaN,
        NaN,
        NaN
      ],
      "mean": NaN,
      "lower_ci": NaN,
      "upper_ci": NaN,
      "confidence_level": 0.95
    }
  }
}