{
  "shape": [
    5,
    5
  ],
  "tag": "tdc__ames__seed1__LGBMClassifierModel__desc2d__sk_basic",
  "y": {
    "fit_time": {
      "value": [
        0.40428948402404785,
        0.37478041648864746,
        0.3634946346282959,
        0.35950541496276855,
        0.3581392765045166,
        0.35192012786865234,
        0.3511185646057129,
        0.3392462730407715,
        0.3546788692474365,
        0.35529160499572754,
        0.359022855758667,
        0.3760056495666504,
        0.3901350498199463,
        0.3706166744232178,
        0.35211968421936035,
        0.35717058181762695,
        0.36003661155700684,
        0.35578465461730957,
        0.370403528213501,
        0.3784186840057373,
        0.3701045513153076,
        0.3723750114440918,
        0.3493235111236572,
        0.361936092376709,
        0.3795206546783447
      ],
      "mean": 0.36461753845214845,
      "lower_ci": 0.33673932174863896,
      "upper_ci": 0.39249575515565793,
      "confidence_level": 0.95
    },
    "score_time": {
      "value": [
        0.005142927169799805,
        0.003926753997802734,
        0.003780364990234375,
        0.0038530826568603516,
        0.00382232666015625,
        0.0038678646087646484,
        0.0037865638732910156,
        0.0038149356842041016,
        0.003803730010986328,
        0.003789186477661133,
        0.0039882659912109375,
        0.004430532455444336,
        0.0044286251068115234,
        0.003867626190185547,
        0.003887653350830078,
        0.004125356674194336,
        0.00407862663269043,
        0.004064321517944336,
        0.0045146942138671875,
        0.0044367313385009766,
        0.004372358322143555,
        0.0043392181396484375,
        0.0038328170776367188,
        0.003972053527832031,
        0.005221366882324219
      ],
      "mean": 0.004125919342041016,
      "lower_ci": 0.003340699407220577,
      "upper_ci": 0.004911139276861455,
      "confidence_level": 0.95
    },
    "mse": {
      "value": [
        0.17376373626373626,
        0.16758241758241757,
        0.17376373626373626,
        0.1718213058419244,
        0.16082474226804125,
        0.16414835164835165,
        0.16964285714285715,
        0.1510989010989011,
        0.1663230240549828,
        0.1766323024054983,
        0.16483516483516483,
        0.17925824175824176,
        0.15247252747252749,
        0.19518900343642612,
        0.15120274914089346,
        0.17032967032967034,
        0.17925824175824176,
        0.1717032967032967,
        0.1663230240549828,
        0.170446735395189,
        0.16277472527472528,
        0.17376373626373626,
        0.17445054945054944,
        0.1697594501718213,
        0.16357388316151203
      ],
      "mean": 0.168837694951097,
      "lower_ci": 0.15018182213305759,
      "upper_ci": 0.1874935677691364,
      "confidence_level": 0.95
    },
    "mae": {
      "value": [
        0.17376373626373626,
        0.16758241758241757,
        0.17376373626373626,
        0.1718213058419244,
        0.16082474226804125,
        0.16414835164835165,
        0.16964285714285715,
        0.1510989010989011,
        0.1663230240549828,
        0.1766323024054983,
        0.16483516483516483,
        0.17925824175824176,
        0.15247252747252749,
        0.19518900343642612,
        0.15120274914089346,
        0.17032967032967034,
        0.17925824175824176,
        0.1717032967032967,
        0.1663230240549828,
        0.170446735395189,
        0.16277472527472528,
        0.17376373626373626,
        0.17445054945054944,
        0.1697594501718213,
        0.16357388316151203
      ],
      "mean": 0.168837694951097,
      "lower_ci": 0.15018182213305759,
      "upper_ci": 0.1874935677691364,
      "confidence_level": 0.95
    },
    "r2": {
      "value": [
        0.3013806706114398,
        0.32377036698644746,
        0.29708141321044557,
        0.3074383501134753,
        0.3498833314875138,
        0.3353807602982519,
        0.31630847029077114,
        0.38664215686274506,
        0.3313571488253032,
        0.28977207977207986,
        0.3392180444303253,
        0.28111007065633786,
        0.38127350860905584,
        0.2098077011335998,
        0.3841269841269842,
        0.3133747109650725,
        0.2742024202420241,
        0.3099316756527212,
        0.3291021542049486,
        0.31098746243121134,
        0.3470271334038524,
        0.292644709352341,
        0.2934509947021815,
        0.3150657518582046,
        0.342409096778604
      ],
      "mean": 0.3185098866802375,
      "lower_ci": 0.24406644943273428,
      "upper_ci": 0.39295332392774074,
      "confidence_level": 0.95
    },
    "ktau": {
      "value": [
        0.6506176207818444,
        0.6622755443724111,
        0.6491833869206122,
        0.6533065719719519,
        0.6743674690098866,
        0.6669569890086894,
        0.6586801421749255,
        0.6930349937194379,
        0.6653265460446702,
        0.6448824173279002,
        0.6702317737402507,
        0.6404580746974903,
        0.6901141655564839,
        0.6060119765483035,
        0.6913861000003527,
        0.6566062913983206,
        0.636839169493698,
        0.6545608369140552,
        0.6640804711685739,
        0.6552222310228,
        0.6741365934317396,
        0.6471142855992077,
        0.6474701665238282,
        0.6569655939648705,
        0.6710874759398641
      ],
      "mean": 0.6592366754932867,
      "lower_ci": 0.6225462203631358,
      "upper_ci": 0.6959271306234376,
      "confidence_level": 0.95
    },
    "spearmanr": {
      "value": [
        0.6506176207818444,
        0.6622755443724111,
        0.6491833869206122,
        0.653306571971952,
        0.6743674690098866,
        0.6669569890086893,
        0.6586801421749254,
        0.6930349937194378,
        0.6653265460446703,
        0.6448824173279003,
        0.6702317737402507,
        0.6404580746974902,
        0.6901141655564837,
        0.6060119765483036,
        0.6913861000003528,
        0.6566062913983206,
        0.636839169493698,
        0.6545608369140552,
        0.6640804711685739,
        0.6552222310227999,
        0.6741365934317395,
        0.6471142855992078,
        0.647470166523828,
        0.6569655939648705,
        0.6710874759398641
      ],
      "mean": 0.6592366754932867,
      "lower_ci": 0.6225462203631359,
      "upper_ci": 0.6959271306234375,
      "confidence_level": 0.95
    }
  }
}