{
  "tag": "tdc__ames__seed1__CatBoostClassifierModel__desc2d__sk_basic",
  "accuracy": {
    "value": 0.7947838023335622,
    "lower_ci": 0.774193548387097,
    "upper_ci": 0.816060398078243,
    "confidence_level": 0.95
  },
  "precision": {
    "value": 0.8204264870931538,
    "lower_ci": 0.7960636172018286,
    "upper_ci": 0.845372748197607,
    "confidence_level": 0.95
  },
  "recall": {
    "value": 0.8402298850574713,
    "lower_ci": 0.8165524320317804,
    "upper_ci": 0.8650760368757048,
    "confidence_level": 0.95
  },
  "f1": {
    "value": 0.8302101078932425,
    "lower_ci": 0.8116212986625757,
    "upper_ci": 0.8495203313326085,
    "confidence_level": 0.95
  },
  "roc_auc": {
    "value": 0.8454267755389767,
    "lower_ci": 0.8253856967276163,
    "upper_ci": 0.8664664602662535,
    "confidence_level": 0.95
  },
  "pr_auc": {
    "value": 0.8733103996080359,
    "lower_ci": 0.8494510227516161,
    "upper_ci": 0.8982258247896343,
    "confidence_level": 0.95
  }
}