{
  "shape": [
    5,
    5
  ],
  "tag": "tdc__ames__seed1__CatBoostClassifierModel__desc2d__sk_basic",
  "y": {
    "fit_time": {
      "value": [
        8.441181421279907,
        8.697996616363525,
        8.15275502204895,
        8.22884202003479,
        8.299531698226929,
        8.109451532363892,
        8.177766561508179,
        8.117141723632812,
        8.120430707931519,
        8.122008085250854,
        8.273298978805542,
        8.014245510101318,
        8.220558166503906,
        8.246219158172607,
        8.362533807754517,
        8.189240455627441,
        8.24949836730957,
        8.355979204177856,
        8.114183187484741,
        8.211568593978882,
        8.305826663970947,
        8.598364353179932,
        8.422395706176758,
        8.399096012115479,
        8.632123231887817
      ],
      "mean": 8.282489471435547,
      "lower_ci": 7.941609262165549,
      "upper_ci": 8.623369680705544,
      "confidence_level": 0.95
    },
    "score_time": {
      "value": [
        0.02683544158935547,
        0.02771139144897461,
        0.030750513076782227,
        0.02295064926147461,
        0.028844833374023438,
        0.061566829681396484,
        0.023039817810058594,
        0.02336907386779785,
        0.026815176010131836,
        0.024383544921875,
        0.02469778060913086,
        0.021935224533081055,
        0.02372002601623535,
        0.021821260452270508,
        0.026035070419311523,
        0.03011298179626465,
        0.024626493453979492,
        0.023568391799926758,
        0.024073362350463867,
        0.025246858596801758,
        0.025745630264282227,
        0.027284622192382812,
        0.03177809715270996,
        0.027252912521362305,
        0.02690887451171875
      ],
      "mean": 0.02724299430847168,
      "lower_ci": 0.012293353880656891,
      "upper_ci": 0.04219263473628647,
      "confidence_level": 0.95
    },
    "accuracy": {
      "value": [
        0.8358516483516484,
        0.8241758241758241,
        0.8372252747252747,
        0.8288659793814434,
        0.8350515463917526,
        0.8310439560439561,
        0.8276098901098901,
        0.8489010989010989,
        0.8384879725085911,
        0.8192439862542955,
        0.8331043956043956,
        0.8351648351648352,
        0.8516483516483516,
        0.8006872852233677,
        0.8460481099656357,
        0.8248626373626373,
        0.8276098901098901,
        0.8317307692307693,
        0.8350515463917526,
        0.8302405498281787,
        0.8365384615384616,
        0.8269230769230769,
        0.8248626373626373,
        0.8323024054982818,
        0.843298969072165
      ],
      "mean": 0.8322612439107285,
      "lower_ci": 0.812200215442536,
      "upper_ci": 0.8523222723789211,
      "confidence_level": 0.95
    },
    "precision": {
      "value": [
        0.8278787878787879,
        0.8497409326424871,
        0.855,
        0.8370646766169154,
        0.8418491484184915,
        0.8401937046004843,
        0.8497409326424871,
        0.8660933660933661,
        0.8349753694581281,
        0.807372175980975,
        0.817625458996328,
        0.8244746600741656,
        0.8621523579201935,
        0.8292993630573249,
        0.8581644815256257,
        0.8360450563204005,
        0.843403205918619,
        0.8261933904528764,
        0.8394607843137255,
        0.8438661710037175,
        0.826946847960445,
        0.8583959899749374,
        0.8479899497487438,
        0.8405438813349815,
        0.8347509113001215
      ],
      "mean": 0.8399688641693731,
      "lower_ci": 0.8120929149655205,
      "upper_ci": 0.8678448133732257,
      "confidence_level": 0.95
    },
    "recall": {
      "value": [
        0.8756410256410256,
        0.8241206030150754,
        0.8496894409937888,
        0.8508217446270544,
        0.8628428927680798,
        0.8589108910891089,
        0.8293299620733249,
        0.8639705882352942,
        0.8703465982028241,
        0.8705128205128205,
        0.8766404199475065,
        0.8718954248366013,
        0.8748466257668711,
        0.8066914498141264,
        0.8727272727272727,
        0.8434343434343434,
        0.8465346534653465,
        0.8676092544987146,
        0.8627204030226701,
        0.8491271820448878,
        0.8722294654498044,
        0.8313106796116505,
        0.8343634116192831,
        0.8553459119496856,
        0.8818998716302953
      ],
      "mean": 0.8561425174790983,
      "lower_ci": 0.8183003685809564,
      "upper_ci": 0.8939846663772402,
      "confidence_level": 0.95
    },
    "f1": {
      "value": [
        0.8510903426791278,
        0.8367346938775511,
        0.8523364485981308,
        0.8438871473354232,
        0.8522167487684729,
        0.8494492044063647,
        0.8394113883557262,
        0.8650306748466258,
        0.852294154619736,
        0.83775447254781,
        0.8461051298290057,
        0.8475222363405337,
        0.8684531059683313,
        0.8178391959798995,
        0.8653846153846154,
        0.8397234443746072,
        0.8449660284126004,
        0.8463949843260188,
        0.8509316770186336,
        0.8464885021752642,
        0.8489847715736041,
        0.8446362515413071,
        0.8411214953271028,
        0.8478802992518704,
        0.8576779026217228
      ],
      "mean": 0.8477725966464036,
      "lower_ci": 0.8275441430854237,
      "upper_ci": 0.8680010502073835,
      "confidence_level": 0.95
    },
    "roc_auc": {
      "value": [
        0.8972291761492944,
        0.9034033805390589,
        0.9033097671045979,
        0.9098613163145628,
        0.9042248895372594,
        0.9093306900134458,
        0.8984553672423788,
        0.9185489430147058,
        0.9029536425853203,
        0.9072630579297246,
        0.9108367938157585,
        0.9027609886212082,
        0.9185264588497651,
        0.880832453684581,
        0.9153169793169793,
        0.9112548679566751,
        0.8901876298740987,
        0.9082228086539117,
        0.9099010353749947,
        0.8994531282818987,
        0.9062167076976061,
        0.9033062707386015,
        0.9028147406590844,
        0.9070611778158948,
        0.909309462138533
      ],
      "mean": 0.9052232693563976,
      "lower_ci": 0.8891630518504774,
      "upper_ci": 0.9212834868623179,
      "confidence_level": 0.95
    },
    "pr_auc": {
      "value": [
        0.9062050085200031,
        0.9156728469303552,
        0.922286875084311,
        0.9206205937942193,
        0.9089864610073237,
        0.920161439537571,
        0.9073266223627965,
        0.9317683691318874,
        0.9029847903227816,
        0.9157577988047402,
        0.9128188756310578,
        0.9064770276118652,
        0.9279366741422197,
        0.9000583488494307,
        0.9324335922885381,
        0.9246100532850922,
        0.9011114896419825,
        0.9153420293710937,
        0.9212615688683937,
        0.9088591767681391,
        0.9013063523447458,
        0.9196284538012911,
        0.9126031436718857,
        0.9202157358605635,
        0.9137132819707328
      ],
      "mean": 0.9148058643841207,
      "lower_ci": 0.8965284192304976,
      "upper_ci": 0.9330833095377438,
      "confidence_level": 0.95
    }
  }
}