{
  "shape": [
    5,
    5
  ],
  "tag": "tdc__ames__seed1__LGBMClassifierModel__fp_ecfp4__sk_basic",
  "y": {
    "fit_time": {
      "value": [
        0.38916945457458496,
        0.367490291595459,
        0.37711668014526367,
        0.38271474838256836,
        0.37781739234924316,
        0.36986446380615234,
        0.3592691421508789,
        0.3853137493133545,
        0.39891529083251953,
        0.41928553581237793,
        0.3693861961364746,
        0.37273240089416504,
        0.3697214126586914,
        0.3778402805328369,
        0.3771071434020996,
        0.38773488998413086,
        0.41284966468811035,
        0.37673282623291016,
        0.39354419708251953,
        0.3687605857849121,
        0.36699795722961426,
        0.37219715118408203,
        0.4012467861175537,
        0.3718867301940918,
        0.3799748420715332
      ],
      "mean": 0.3810267925262451,
      "lower_ci": 0.352212289040062,
      "upper_ci": 0.4098412960124282,
      "confidence_level": 0.95
    },
    "score_time": {
      "value": [
        0.0053768157958984375,
        0.005271434783935547,
        0.005290031433105469,
        0.005386829376220703,
        0.005342721939086914,
        0.00529026985168457,
        0.005251407623291016,
        0.005302906036376953,
        0.005246639251708984,
        0.00542140007019043,
        0.005266666412353516,
        0.005127429962158203,
        0.005223989486694336,
        0.005283355712890625,
        0.005334377288818359,
        0.005224943161010742,
        0.0051727294921875,
        0.0052645206451416016,
        0.005185604095458984,
        0.005224704742431641,
        0.005395412445068359,
        0.00600886344909668,
        0.005496978759765625,
        0.005312442779541016,
        0.005137920379638672
      ],
      "mean": 0.005313615798950195,
      "lower_ci": 0.004981676763210718,
      "upper_ci": 0.005645554834689672,
      "confidence_level": 0.95
    },
    "mse": {
      "value": [
        0.19230769230769232,
        0.19917582417582416,
        0.18269230769230768,
        0.17869415807560138,
        0.18762886597938144,
        0.19986263736263737,
        0.18887362637362637,
        0.1723901098901099,
        0.1986254295532646,
        0.18487972508591066,
        0.18475274725274726,
        0.18269230769230768,
        0.1771978021978022,
        0.20687285223367696,
        0.18213058419243985,
        0.1723901098901099,
        0.20123626373626374,
        0.18063186813186813,
        0.18213058419243985,
        0.1972508591065292,
        0.18681318681318682,
        0.17925824175824176,
        0.19436813186813187,
        0.19381443298969073,
        0.18487972508591066
      ],
      "mean": 0.1876620029455081,
      "lower_ci": 0.16948408828520986,
      "upper_ci": 0.20583991760580636,
      "confidence_level": 0.95
    },
    "mae": {
      "value": [
        0.19230769230769232,
        0.19917582417582416,
        0.18269230769230768,
        0.17869415807560138,
        0.18762886597938144,
        0.19986263736263737,
        0.18887362637362637,
        0.1723901098901099,
        0.1986254295532646,
        0.18487972508591066,
        0.18475274725274726,
        0.18269230769230768,
        0.1771978021978022,
        0.20687285223367696,
        0.18213058419243985,
        0.1723901098901099,
        0.20123626373626374,
        0.18063186813186813,
        0.18213058419243985,
        0.1972508591065292,
        0.18681318681318682,
        0.17925824175824176,
        0.19436813186813187,
        0.19381443298969073,
        0.18487972508591066
      ],
      "mean": 0.1876620029455081,
      "lower_ci": 0.16948408828520986,
      "upper_ci": 0.20583991760580636,
      "confidence_level": 0.95
    },
    "r2": {
      "value": [
        0.2268244575936883,
        0.1962844525658597,
        0.26096306685367,
        0.2797358841180143,
        0.2415305534020995,
        0.19077741107444068,
        0.23880497704438086,
        0.3002144607843137,
        0.2014967603740191,
        0.25660968660968675,
        0.259373558132323,
        0.2673382329294478,
        0.2809394829780919,
        0.16250745789159693,
        0.25815295815295836,
        0.30506875988803717,
        0.18521574379660177,
        0.2740481227866627,
        0.26533913580293955,
        0.2026346843457969,
        0.25059654129049724,
        0.270277743640162,
        0.21278201378235184,
        0.21801029159519725,
        0.256756500140523
      ],
      "mean": 0.2424913175029344,
      "lower_ci": 0.16887408818720642,
      "upper_ci": 0.3161085468186624,
      "confidence_level": 0.95
    },
    "ktau": {
      "value": [
        0.6128692570236893,
        0.5995603899088447,
        0.6316527041558007,
        0.639493509593664,
        0.6206087568432446,
        0.5947773258663793,
        0.6200942147007715,
        0.6519677288828367,
        0.6000882084194578,
        0.627795562124541,
        0.6294987605888658,
        0.6335649782407206,
        0.6401325582534492,
        0.5830092649857663,
        0.6300826523969939,
        0.6528607321678583,
        0.5929331747230995,
        0.6365888568164588,
        0.6322995188136614,
        0.6014926325921435,
        0.6250272263010195,
        0.6359521199810055,
        0.6057909854712642,
        0.6098225586404895,
        0.6278983458408236
      ],
      "mean": 0.6214344809333139,
      "lower_ci": 0.5847074252027552,
      "upper_ci": 0.6581615366638726,
      "confidence_level": 0.95
    },
    "spearmanr": {
      "value": [
        0.6128692570236892,
        0.5995603899088449,
        0.6316527041558007,
        0.639493509593664,
        0.6206087568432445,
        0.5947773258663792,
        0.6200942147007715,
        0.6519677288828366,
        0.6000882084194576,
        0.6277955621245409,
        0.6294987605888657,
        0.6335649782407204,
        0.6401325582534491,
        0.5830092649857663,
        0.630082652396994,
        0.6528607321678583,
        0.5929331747230994,
        0.6365888568164588,
        0.6322995188136614,
        0.6014926325921435,
        0.6250272263010194,
        0.6359521199810056,
        0.6057909854712642,
        0.6098225586404895,
        0.6278983458408234
      ],
      "mean": 0.6214344809333139,
      "lower_ci": 0.5847074252027552,
      "upper_ci": 0.6581615366638726,
      "confidence_level": 0.95
    }
  }
}