{
  "tag": "tdc__ames__seed1__XGBClassifierModel__desc2d__sk_basic",
  "accuracy": {
    "value": 0.7508579272477693,
    "lower_ci": 0.7282086479066574,
    "upper_ci": 0.7728208647906657,
    "confidence_level": 0.95
  },
  "precision": {
    "value": 0.7910447761194029,
    "lower_ci": 0.7640116843930678,
    "upper_ci": 0.818329023240469,
    "confidence_level": 0.95
  },
  "recall": {
    "value": 0.7919540229885057,
    "lower_ci": 0.7655095816907277,
    "upper_ci": 0.8193392814082469,
    "confidence_level": 0.95
  },
  "f1": {
    "value": 0.7914991384261918,
    "lower_ci": 0.7710153145172259,
    "upper_ci": 0.8130512284875289,
    "confidence_level": 0.95
  },
  "roc_auc": {
    "value": 0.8213720652450607,
    "lower_ci": 0.799570016162692,
    "upper_ci": 0.8433631981999071,
    "confidence_level": 0.95
  },
  "pr_auc": {
    "value": 0.8579112871353884,
    "lower_ci": 0.8325848371749599,
    "upper_ci": 0.8835950943514779,
    "confidence_level": 0.95
  }
}